Website,List of Brands URL
Allhealthtrends.com,http://www.allhealthtrends.com/brands-index.html
Allstarhealth.com,http://www.allstarhealth.com/bl.aspx
bodyandfitness.com,http://www.bodyandfitness.com/product/manufacturer
bodybuilding.com,http://www.bodybuilding.com/store/listing.htm?&_requestid=3281650
Cleansemart.com,http://www.cleansemart.com/brands
cvs.com,http://www.cvs.com/shop/brand-directory/
delmarhealthhut.com,http://delmarhealthhut.com/shop/
Drugstore.com,http://www.drugstore.com/templates/brand/sbb.asp
Drvita.com,http://www.drvita.com/SearchResults.asp?searching=Y&sort=7&search=brand&show=10
Earthturns.com,http://www.earthturns.com/American-Made-Health-Beauty-Products-s/23.htm
Evitamins.com,http://search.evitamins.com/search?p=Q&lbc=evitamins&uid=756233514&ts=custom&w=brand&af=&isort=score&method=and&view=grid&tab=products&format=brand
expressnaturals.com,http://www.expressnaturals.com/cindex.asp
famousherbs.com,http://www.famousherbs.com/brands/
Fishpond.com,http://www.fishpond.com/Health
FitnessFirstUSA.com,http://www.fitnessfirstusa.com/Brands
FreddiesNutrition.com,http://www.freddiesnutrition.com/
freshandalive.com,http://www.freshandalive.com/fresh-and-alive-content/products.htm#
gnc.com,http://www.gnc.com/Shop-By-Brand/shop.jsp?categoryId=3703232&shopBy=brands
grocery.kroger.com,http://grocery.kroger.com/pd/category/Health-and-Beauty/571
harmondiscount.com,http://www.harmondiscount.com/shop-by-brands.html
harvestmoonhealthfoods.com,http://www.harvestmoonhealthfoods.com/
HealthyPlanetShopping.com,http://www.healthyplanetshopping.com/
herbose.com,http://www.herbose.com/manufacturer/
hmherbs.com,http://hmherbs.com/brands/
http://store.essentialsurvival.org,NOT FOUND
http://store.lockoutforums.com,http://store.lockoutforums.com/index.php?main_page=advanced_search
http://store.muscleandfitness.com/,http://store.muscleandfitness.com/brands.aspx
http://vitaminherbstore.com,http://vitaminherbstore.com/brands.aspx
http://win-edge.com/,http://win-edge.com/winning-edge-shop-by-brand.html
http://www.a1supplements.com,http://www.a1supplements.com/manufacturers.php
http://www.advantagesupplements.com,http://www.advantagesupplements.com/manufacturer.html
http://www.allvitaminsplus.com/,http://allvitaminsplus.com/index.php?main_page=index&zenid=rhb9u881h054vpctscodl26p70
http://www.armourshieldnutrition.com/,http://www.armourshieldnutrition.com/
http://www.arnoldsupplements.com,http://www.arnoldsupplements.com/Shop_by_Brands_s/32.htm
http://www.backcountry.com/,http://www.backcountry.com/Store/catalog/shopAllBrands.jsp
http://www.bestpricenutrition.com,http://www.bestpricenutrition.com/brands/
http://www.competitivecyclist.com,http://www.competitivecyclist.com/Store/catalog/shopAllBrands.jsp
http://www.energeticnutrition.com,http://www.energeticnutrition.com/brands.html
http://www.esupplements.com,http://www.esupplements.com/brand-list/
http://www.fitnessfirstusa.com,http://www.fitnessfirstusa.com/Brands
http://www.fnsnutrition.com,NOT FOUND
http://www.healthdesigns.com,http://www.healthdesigns.com/brands
http://www.healthdesigns.com,http://www.healthdesigns.com/brands
http://www.healthdesigns.com/,http://www.healthdesigns.com/brands
http://www.healthyplanetshopping.com,http://www.healthyplanetshopping.com/
http://www.herbsfirst.com/,http://www.herbsfirst.com/
http://www.herbspro.com,http://www.herbspro.com/brand/
http://www.hihealth.com,http://www.hihealth.com/brands.html
http://www.houseofnutrition.com,http://www.houseofnutrition.com/shop-by-brand.html
http://www.illpumpyouup.com,http://www.illpumpyouup.com/brands/shop-by-brand.htm
http://www.intohealth.com/,http://www.intohealth.com/brands/
http://www.i-supplements.com,http://www.i-supplements.com/brands1.html
http://www.jensonusa.com,http://www.jensonusa.com/Brands
http://www.lpsupplements.com,http://www.lpsupplements.com/servlet/the-*Sort-By-Brand/Categories
http://www.muscleandstrength.com,http://www.muscleandstrength.com/store/manufacturer.html
http://www.nashbar.com,NOT FOUND
http://www.netrition.com,http://www.netrition.com/
http://www.nutrahealthsupply.com,http://www.nutrahealthsupply.com/index.php?main_page=manufacturers_all
http://www.nutraplanet.com,http://www.nutraplanet.com
http://www.oneresult.com,NOT FOUND
http://www.performancebike.com,http://www.performancebike.com/webapp/wcs/stores/servlet/AllBrandsView?catalogId=10551&langId=-1&categoryId=400345&storeId=10052
http://www.preworkout.com,NOT FOUND
http://www.rei.com,http://www.rei.com/brands/
http://www.richnutrition.com,http://www.richnutrition.com/manufacturers
http://www.roadrunnersports.com,http://www.roadrunnersports.com/rrs/brand/
http://www.runningwarehouse.com,NOT FOUND
http://www.runoutlet.com,http://www.runoutlet.com/brands/
http://www.sanasana.com,http://www.sanasana.com/index.php/shop-by-brand/
http://www.sbmuscle.com,http://www.sbmuscle.com
http://www.shop.fitnesslifesupplements.com,http://shop.fitnesslifesupplements.com/All-Brands_c65.htm
http://www.sporter.com,http://www.sporter.com/
http://www.supplementgiant.com,http://www.supplementgiant.com
http://www.supplementwarehouse.com,http://www.supplementwarehouse.com
http://www.swimoutlet.com,NOT FOUND
http://www.theclymb.com/,NOT FOUND
http://www.tigerfitness.com,http://www.tigerfitness.com/Full-Supplement-Brand-Listing-s/49.htm
http://www.tnvitamins.com,http://www.tnvitamins.com/all-brands.php
http://www.trisports.com,NOT FOUND
http://www.vitaminchamp.com,http://www.vitaminchamp.com/index.php?main_page=index&cPath=293&zenid=5f3671vsrmo94e2koqaj54thi1
http://www.vitaminlife.com,http://www.vitaminlife.com/searchspring-search?q=&brand=
http://www.vitasouth.com,http://www.vitasouth.com/pages/Brand-Quick-Lookup-List.html
http://www.webvitamins.com,http://www.webvitamins.com/brands.aspx
http://www.worldclassnutrition.com,http://www.worldclassnutrition.com/shopbybrand.html
http://www.xlbody.com,NOT FOUND
http://www.zombierunner.com,http://www.zombierunner.com/store/brands/
http:www.mass4life.com,http://www.massforlife.com/product/manufacturer
iHerb.com,http://www.iherb.com/ItemsListAZ?c=1&al=AZ
koshervitamins.com,http://www.koshervitamins.com/Brands
Livamed.com,http://www.livamed.com/brands/
lowcostvitamin.com,http://www.lowcostvitamin.com/product/manufacturer
lowcostvitamins.com,http://www.lowcostvitamins.net/product/manufacturer
lpsupplements.com,http://www.lpsupplements.com/servlet/the-*Sort-By-Brand/Categories
LuckyVitamin.com,http://www.luckyvitamin.com/brands
myfitnesspal.com,NOT FOUND
MyNaturalMarket.com,NOT FOUND
Naturalhealthyconcepts.com,http://www.naturalhealthyconcepts.com/brands.html
Netrition.com,http://netrition.com/
NewEgg.com,NOT FOUND
Nourishingfoods.com,http://www.nourishingfoods.com/brand.html#.VGYs9fmUdqM
nsupplements.com,http://www.herbose.com/manufacturer/
Nutrisaver.com,http://www.nutrisaver.com/manufacturer
nutritionexpress.com,http://www.nutritionexpress.com/Brands.aspx
Nutritiongeeks.com,http://www.nutritiongeeks.com/brands.asp
pharmaca.com,http://www.pharmaca.com/shop-by-brand.aspx
pipingrock.com,http://www.pipingrock.com/brands
PriceGrabber.com,NOT FOUND
Professionalsupplementcenter.com,http://www.professionalsupplementcenter.com/Brands.aspx
psupplements.com,http://www.paramount-supplements.com/morebrands.html
Pureformulas.com,http://www.pureformulas.com/brands
riteaid.com,NOT FOUND
sevengrains.com,NOT FOUND
Shopping.com,NOT FOUND
Spiritofhealthkc.com,http://store.spiritofhealthkc.com/brands/
Supersup.com,http://www.supersup.com/brands
supervits.com,http://www.supervits.com/Vitamins-Brands.aspx
SwansonVitamins.com,http://www.swansonvitamins.com/Brands
Taoofherbs.com,http://www.taoofherbs.com/select_brand.asp
Thebetterhealthstore.com,http://www.thebetterhealthstore.com/BrandList.asp
thegreenpharmacy.com,http://store.thegreenpharmacy.com/brand-names-c6.aspx
TheHealthier.com,http://www.thehealthier.com/pages/maintenance.html
TheNaturalOnline.com,http://thenaturalonline.com/brands
totalDiscountVitamins.com,http://www.totaldiscountvitamins.com/categoryc/Brands
TotalHealthVitamins.com,http://totalhealthvitamins.com/
Valleynaturals.com,http://www.valleynaturals.com/shop-manufacturer.html
vigshealthfood.myshopify.com,NOT FOUND
Vitacost.com,http://www.vitacost.com/brands
vitadepot.com,http://vitadepot.com/shop-by-brand.html
VitaDigest.com,http://www.vitadigest.com/shop-by-brand.html
Vitaglo.com,http://vitaglo.com/ae-allbrands.html
VitaminShoppe.com,http://www.vitaminshoppe.com/store/en/browse/brands.jsp
Vitanherbs.com,http://www.vitaminshoppe.com/store/en/browse/brands.jsp
walgreens.com,http://www.walgreens.com/store/c/walgreens-brand/ID=359461-tier1
walmart.com,NOT FOUND
wellica.com,NOT FOUND
wholefoodsmarket.com,NOT FOUND
"www,nutritionaresnal.com",NOT FOUND
www.betterthangreens.com,http://www.betterthangreens.com/
www.blackdiamondsupplements.com,http://www.blackdiamondsupplements.com/brands/
www.mrsupps.com,NOT FOUND
www.nutritiongeeks.com,http://www.nutritiongeeks.com/brands.asp
www.sportsupplements.com,https://www.sportsupplements.com/manufacturers.aspx
www.store.lockoutforums.com,http://store.lockoutforums.com/index.php?main_page=advanced_search
